<?xml version="1.0" encoding="UTF-8" standalone="yes"?>
<addon id="plugin.video.wolfjack" name="WolfJack" version="1.4" provider-name="ManEthan">
    <requires>
        <import addon="xbmc.python" version="3.0.0"/>
        <import addon="script.module.requests" version="2.27.0"/>
        <import addon="script.module.beautifulsoup4" version="4.11.1"/>
        <import addon="script.module.urllib3" version="1.26.5" optional="true"/>
    </requires>
    <extension point="xbmc.python.pluginsource" library="default.py">
        <provides>video</provides>
    </extension>
    <extension point="xbmc.addon.metadata">
        <summary lang="en">WolfJack - Películas y Series de Wolfmax4k</summary>
        <description lang="en">Addon para ver películas y series de WolfMax4K con Jacktook + Sistema automático de Proxy[CR][CR] Versión 1.4 Novedades:[CR][CR]- Eliminado el uso de IDs, ahora solo usa títulos[CR]- Nuevo módulo para gestionar caché en disco, paginación simulada[CR]- Añadida opción para limpiar caché en los menús[CR]- Añadido método get_session_for_wolfmax para crear sesiones con proxy[CR]- Añadido método get_direct_session para crear sesiones sin proxy[CR]- Eliminado el método get_session_with_proxy antiguo que no distinguía entre usos[CR]- El proxy SOLO se aplica a las peticiones a wolfmax4k.com</description>
        <platform>all</platform>
        <license>GPL-3.0</license>
        <website></website>
        <source></source>
        <assets>
            <icon>icon.png</icon>
            <fanart>fanart.jpg</fanart>
        </assets>
    </extension>
</addon>