<addon id="repository.wolfjack"
       name="WolfJack Repository"
       version="1.0.0"
       provider-name="Pepecieza">

    <extension point="xbmc.addon.repository">
        <info compressed="false">https://raw.githubusercontent.com/Pepecieza/kodi-repo-pluguin-video-wolfjack/main/addons.xml</info>
        <checksum>https://raw.githubusercontent.com/Pepecieza/kodi-repo-pluguin-video-wolfjack/main/addons.xml.md5</checksum>
        <datadir zip="true">https://raw.githubusercontent.com/Pepecieza/kodi-repo-pluguin-video-wolfjack/main/</datadir>
    </extension>

    <extension point="xbmc.addon.metadata">
        <summary>Repositorio oficial WolfJack</summary>
        <description>Repositorio para instalar el addon WolfJack</description>
        <platform>all</platform>
    </extension>

</addon>
