{\rtf1\ansi\ansicpg1252\cocoartf2867
\cocoatextscaling0\cocoaplatform0{\fonttbl\f0\fmodern\fcharset0 Courier;}
{\colortbl;\red255\green255\blue255;\red0\green0\blue0;}
{\*\expandedcolortbl;;\cssrgb\c0\c0\c0;}
\paperw11900\paperh16840\margl1440\margr1440\vieww11520\viewh8400\viewkind0
\deftab720
\pard\pardeftab720\partightenfactor0

\f0\fs26 \cf0 \expnd0\expndtw0\kerning0
\outl0\strokewidth0 \strokec2 <addon id="repository.wolfjack" name="WolfJack Repository" version="1.0.0" provider-name="Pepecieza"> <extension point="xbmc.addon.repository"> <info compressed="false">https://raw.githubusercontent.com/Pepecieza/kodi-repo-pluguin-video-wolfjack/main/addons.xml</info> <checksum>https://raw.githubusercontent.com/Pepecieza/kodi-repo-pluguin-video-wolfjack/main/addons.xml.md5</checksum> <datadir zip="true">https://raw.githubusercontent.com/Pepecieza/kodi-repo-pluguin-video-wolfjack/main/</datadir> </extension> <extension point="xbmc.addon.metadata"> <summary>Repositorio oficial WolfJack</summary> <description>Repositorio para instalar el addon WolfJack</description> <platform>all</platform> </extension> </addon>\
}